{
	"credit": "Made with Blockbench",
	"textures": {
		"0": "block/stripped_oak_log",
		"particle": "block/stripped_oak_log"
	},
	"elements": [
		{
			"from": [7, 0, 3],
			"to": [8, 2, 10],
			"rotation": {"angle": 0, "axis": "y", "origin": [6, 0, 6]},
			"faces": {
				"north": {"uv": [2, 0, 4, 5], "texture": "#0"},
				"east": {"uv": [2, 9, 15, 13], "texture": "#0"},
				"south": {"uv": [0, 0, 1, 2], "texture": "#0"},
				"west": {"uv": [2, 5, 15, 9], "texture": "#0"},
				"up": {"uv": [7, 9, 9, 16], "texture": "#0"},
				"down": {"uv": [5, 9, 7, 16], "texture": "#0"}
			}
		},
		{
			"from": [7.1, 0.5, 10.2],
			"to": [7.9, 20.5, 11.7],
			"rotation": {"angle": 22.5, "axis": "x", "origin": [5.9, 3.5, 11.8]},
			"faces": {
				"north": {"uv": [0, 0, 0.8, 16], "rotation": 180, "texture": "#0"},
				"east": {"uv": [0, 0, 16, 1.5], "rotation": 90, "texture": "#0"},
				"south": {"uv": [0, 0, 0.8, 16], "texture": "#0"},
				"west": {"uv": [0, 0, 16, 1.5], "rotation": 270, "texture": "#0"},
				"up": {"uv": [0, 0, 0.8, 1.5], "texture": "#0"},
				"down": {"uv": [0, 0, 0.8, 1.5], "rotation": 180, "texture": "#0"}
			}
		},
		{
			"from": [7.2, 1.5, 9.5],
			"to": [7.8, 2.5, 10.5],
			"rotation": {"angle": 45, "axis": "x", "origin": [6, 1.5, 8.5]},
			"faces": {
				"north": {"uv": [0, 0, 0.6, 1], "texture": "#missing"},
				"east": {"uv": [0, 0, 1, 1], "texture": "#0"},
				"south": {"uv": [0, 0, 0.6, 1], "texture": "#0"},
				"west": {"uv": [0, 0, 1, 1], "texture": "#0"},
				"up": {"uv": [0, 0, 0.6, 1], "texture": "#missing"},
				"down": {"uv": [0, 0, 0.6, 1], "texture": "#missing"}
			}
		},
		{
			"from": [7, 0.2, 2.6],
			"to": [8, 1.8, 3],
			"rotation": {"angle": 0, "axis": "y", "origin": [6, 0, 1]},
			"faces": {
				"north": {"uv": [3, 3, 4, 6.7], "texture": "#0"},
				"east": {"uv": [0, 3, 0.4, 4.6], "texture": "#0"},
				"south": {"uv": [0, 0, 1, 1.6], "texture": "#missing"},
				"west": {"uv": [3, 7, 3.4, 8.6], "texture": "#0"},
				"up": {"uv": [2, 5, 3, 5.4], "texture": "#0"},
				"down": {"uv": [7, 8, 8, 8.4], "texture": "#0"}
			}
		}
	],
	"display": {
		"thirdperson_righthand": {
			"rotation": [89.5, 0, 0],
			"translation": [0, 8.25, -8.5]
		},
		"firstperson_righthand": {
			"rotation": [70.58, 10.56, -27.67],
			"translation": [4, 6.25, -4.5],
			"scale": [1, 0.73867, 1]
		},
		"ground": {
			"translation": [0, 4.75, 0]
		},
		"gui": {
			"rotation": [0, 90, 5],
			"translation": [-2, -1.25, 0],
			"scale": [0.84, 0.87, 0.99]
		}
	}
}