{
	"credit": "Made with Blockbench",
	"texture_size": [32, 32],
	"textures": {
		"0": "item/polished_blackstone_slab",
		"particle": "item/polished_blackstone_slab"
	},
	"elements": [
		{
			"from": [1, 0, 0],
			"to": [15, 3, 16],
			"faces": {
				"north": {"uv": [8, 0, 16, 1.5], "texture": "#0"},
				"east": {"uv": [8, 1.5, 16, 3], "texture": "#0"},
				"south": {"uv": [8, 3, 16, 4.5], "texture": "#0"},
				"west": {"uv": [8, 4.5, 16, 6], "texture": "#0"},
				"up": {"uv": [8, 8, 0, 0], "texture": "#0"},
				"down": {"uv": [8, 8, 0, 16], "texture": "#0"}
			}
		},
		{
			"from": [0, 0, 1],
			"to": [1, 3, 15],
			"rotation": {"angle": 0, "axis": "y", "origin": [0, 0, 16]},
			"faces": {
				"north": {"uv": [8, 1.5, 16, 3], "texture": "#0"},
				"east": {"uv": [8, 3, 16, 4.5], "texture": "#0"},
				"south": {"uv": [8, 4.5, 16, 6], "texture": "#0"},
				"west": {"uv": [8, 0, 16, 1.5], "texture": "#0"},
				"up": {"uv": [8, 8, 0, 0], "rotation": 270, "texture": "#0"},
				"down": {"uv": [8, 8, 0, 16], "rotation": 90, "texture": "#0"}
			}
		},
		{
			"from": [15, 0, 1],
			"to": [16, 3, 15],
			"rotation": {"angle": 0, "axis": "y", "origin": [15, 0, 16]},
			"faces": {
				"north": {"uv": [8, 1.5, 16, 3], "texture": "#0"},
				"east": {"uv": [8, 3, 16, 4.5], "texture": "#0"},
				"south": {"uv": [8, 4.5, 16, 6], "texture": "#0"},
				"west": {"uv": [8, 0, 16, 1.5], "texture": "#0"},
				"up": {"uv": [8, 8, 0, 0], "rotation": 270, "texture": "#0"},
				"down": {"uv": [8, 8, 0, 16], "rotation": 90, "texture": "#0"}
			}
		}
	],
	"display": {
		"ground": {
			"translation": [0, 2.75, 0],
			"scale": [0.22, 1.86, 0.22]
		}
	}
}